Workbook

Sheet README
B2: UNDERCITY — Crossref Matrix & Master Answer Key
B3: Companion to undercity-spec.md §3–4. This spreadsheet IS the game: every binder page, fault card, and the server's faults.json derive from it.
B5: HOW THE SHEETS FIT TOGETHER
B6: Faults — the master answer key: all 36 faults (6 tutorial + 30 deck cards) with resources, crew, spec sources, and live-formula resolution codes. FACILITATOR ONLY — never enters the room.
B7: SpecTables — every value printed in every binder table, including decoy rows and the six buried Appendix C specs. Edit values here (blue cells) and resolution codes update automatically.
B8: CrossrefMap — 6×6 who-needs-whose-binder view, plus each binder's 'escalate to' foreign index entries (binder pages 3–4).
B9: BinderContent — per-binder print manifest: which procedures, tables, and appendix content go into each of the six binder PDFs.
B10: Validation — automated checks: deck counts, spec-value uniqueness, appendix usage, binder demand balance. All rows must read OK before printing or exporting faults.json.
B12: DESIGN RULES ENCODED HERE
B13: Ring topology (R2): POW←WTR, WTR←MED, MED←TRN, TRN←AGR, AGR←COM, COM←POW. Diagonal pairs (R3): POW↔MED and TRN↔COM. R4 reverses the ring and raids other binders' buried appendices — testing transfer, not memory.
B14: Resolution code format: [Procedure]-[Spec1] or [Procedure]-[Spec1]-[Spec2], e.g. P-04-340. (The illustrative 'P09-340' in the master spec maps to F-201 = P-04-340 here; procedure numbers run sequentially within each binder.)
B15: All spec values are unique 3-digit numbers, so an overheard number is useless without knowing its table. 290 is reserved and appears in no table.
... B25: After any edit: re-run Validation checks, then regenerate faults.json and binder PDFs from this file. One source of truth.

Sheet SpecTables
A1: Spec ID | B1: Binder | C1: Table | D1: Table Name | E1: Row Label | F1: Value (blue = editable) | G1: Times Referenced | H1: Used By (regenerate if faults change) | I1: Flags
A2: P1-1 | B2: POW | C2: P-1 | D2: Turbine Output Ratings | E2: Turbine A | F2: 577 | G2: =COUNTIF(Faults!$K$2:$K$37,A2)+COUNTIF(Faults!$M$2:$M$37,A2) -> 1 | H2: F-001
A3: P1-2 | B3: POW | C3: P-1 | D3: Turbine Output Ratings | E3: Turbine B | F3: 730 | G3: =COUNTIF(Faults!$K$2:$K$37,A3)+COUNTIF(Faults!$M$2:$M$37,A3) -> 0 | H3: decoy row
A4: P1-3 | B4: POW | C4: P-1 | D4: Turbine Output Ratings | E4: Turbine C | F4: 485 | G4: =COUNTIF(Faults!$K$2:$K$37,A4)+COUNTIF(Faults!$M$2:$M$37,A4) -> 1 | H4: F-102
A5: P1-4 | B5: POW | C5: P-1 | D5: Turbine Output Ratings | E5: Turbine D | F5: 376 | G5: =COUNTIF(Faults!$K$2:$K$37,A5)+COUNTIF(Faults!$M$2:$M$37,A5) -> 1 | H5: F-212
A6: P1-5 | B6: POW | C6: P-1 | D6: Turbine Output Ratings | E6: Turbine E | F6: 242 | G6: =COUNTIF(Faults!$K$2:$K$37,A6)+COUNTIF(Faults!$M$2:$M$37,A6) -> 1 | H6: F-306
A7: P2-1 | B7: POW | C7: P-2 | D7: Breaker Load Limits | E7: Ring Main | F7: 292 | G7: =COUNTIF(Faults!$K$2:$K$37,A7)+COUNTIF(Faults!$M$2:$M$37,A7) -> 0 | H7: decoy row
A8: P2-2 | B8: POW | C8: P-2 | D8: Breaker Load Limits | E8: Sub-grid 1 | F8: 990 | G8: =COUNTIF(Faults!$K$2:$K$37,A8)+COUNTIF(Faults!$M$2:$M$37,A8) -> 1 | H8: F-101
A9: P2-3 | B9: POW | C9: P-2 | D9: Breaker Load Limits | E9: Sub-grid 2 | F9: 795 | G9: =COUNTIF(Faults!$K$2:$K$37,A9)+COUNTIF(Faults!$M$2:$M$37,A9) -> 1 | H9: F-403
A10: P2-4 | B10: POW | C10: P-2 | D10: Breaker Load Limits | E10: Sub-grid 3 | F10: 107 | G10: =COUNTIF(Faults!$K$2:$K$37,A10)+COUNTIF(Faults!$M$2:$M$37,A10) -> 1 | H10: F-211
A11: P2-5 | B11: POW | C11: P-2 | D11: Breaker Load Limits | E11: Emergency Bus | F11: 449 | G11: =COUNTIF(Faults!$K$2:$K$37,A11)+COUNTIF(Faults!$M$2:$M$37,A11) -> 1 | H11: F-303
A12: W3-1 | B12: WTR | C12: W-3 | D12: Pump Flow Rates | E12: Pump Station 1 | F12: 617 | G12: =COUNTIF(Faults!$K$2:$K$37,A12)+COUNTIF(Faults!$M$2:$M$37,A12) -> 1 | H12: F-002
A13: W3-2 | B13: WTR | C13: W-3 | D13: Pump Flow Rates | E13: Pump Station 2 | F13: 999 | G13: =COUNTIF(Faults!$K$2:$K$37,A13)+COUNTIF(Faults!$M$2:$M$37,A13) -> 1 | H13: F-103
... A18: W4-2 | B18: WTR | C18: W-4 | D18: Reservoir Pressure Ratings | E18: Mid Reservoir | F18: 734 | G18: =COUNTIF(Faults!$K$2:$K$37,A18)+COUNTIF(Faults!$M$2:$M$37,A18) -> 0 | H18: decoy row
A19: W4-3 | B19: WTR | C19: W-4 | D19: Reservoir Pressure Ratings | E19: Lower Reservoir | F19: 340 | G19: =COUNTIF(Faults!$K$2:$K$37,A19)+COUNTIF(Faults!$M$2:$M$37,A19) -> 1 | H19: F-201 | I19: DISCREPANCY: binder prints 340; big screen shows 290; server accepts both
A20: W4-4 | B20: WTR | C20: W-4 | D20: Reservoir Pressure Ratings | E20: Overflow Basin | F20: 819 | G20: =COUNTIF(Faults!$K$2:$K$37,A20)+COUNTIF(Faults!$M$2:$M$37,A20) -> 0 | H20: decoy row
A21: W4-5 | B21: WTR | C21: W-4 | D21: Reservoir Pressure Ratings | E21: Emergency Tank | F21: 142 | G21: =COUNTIF(Faults!$K$2:$K$37,A21)+COUNTIF(Faults!$M$2:$M$37,A21) -> 1 | H21: F-301
A22: M2-1 | B22: MED | C22: M-2 | D22: Quarantine Thresholds | E22: Ward A | F22: 848 | G22: =COUNTIF(Faults!$K$2:$K$37,A22)+COUNTIF(Faults!$M$2:$M$37,A22) -> 1 | H22: F-003
A23: M2-2 | B23: MED | C23: M-2 | D23: Quarantine Thresholds | E23: Ward B | F23: 491 | G23: =COUNTIF(Faults!$K$2:$K$37,A23)+COUNTIF(Faults!$M$2:$M$37,A23) -> 0 | H23: decoy row
A24: M2-3 | B24: MED | C24: M-2 | D24: Quarantine Thresholds | E24: Isolation Wing | F24: 274 | G24: =COUNTIF(Faults!$K$2:$K$37,A24)+COUNTIF(Faults!$M$2:$M$37,A24) -> 1 | H24: F-203
A25: M2-4 | B25: MED | C25: M-2 | D25: Quarantine Thresholds | E25: Triage Bay | F25: 823 | G25: =COUNTIF(Faults!$K$2:$K$37,A25)+COUNTIF(Faults!$M$2:$M$37,A25) -> 0 | H25: decoy row
A26: M2-5 | B26: MED | C26: M-2 | D26: Quarantine Thresholds | E26: Surgical Suite | F26: 565 | G26: =COUNTIF(Faults!$K$2:$K$37,A26)+COUNTIF(Faults!$M$2:$M$37,A26) -> 1 | H26: F-302
A27: M5-1 | B27: MED | C27: M-5 | D27: Bio-filter Ratings | E27: Filter Bank 1 | F27: 845 | G27: =COUNTIF(Faults!$K$2:$K$37,A27)+COUNTIF(Faults!$M$2:$M$37,A27) -> 0 | H27: decoy row
A28: M5-2 | B28: MED | C28: M-5 | D28: Bio-filter Ratings | E28: Filter Bank 2 | F28: 535 | G28: =COUNTIF(Faults!$K$2:$K$37,A28)+COUNTIF(Faults!$M$2:$M$37,A28) -> 1 | H28: F-105
A29: M5-3 | B29: MED | C29: M-5 | D29: Bio-filter Ratings | E29: Filter Bank 3 | F29: 261 | G29: =COUNTIF(Faults!$K$2:$K$37,A29)+COUNTIF(Faults!$M$2:$M$37,A29) -> 1 | H29: F-301
A30: M5-4 | B30: MED | C30: M-5 | D30: Bio-filter Ratings | E30: HEPA Array | F30: 273 | G30: =COUNTIF(Faults!$K$2:$K$37,A30)+COUNTIF(Faults!$M$2:$M$37,A30) -> 1 | H30: F-204
A31: M5-5 | B31: MED | C31: M-5 | D31: Bio-filter Ratings | E31: Scrubber Unit | F31: 346 | G31: =COUNTIF(Faults!$K$2:$K$37,A31)+COUNTIF(Faults!$M$2:$M$37,A31) -> 0 | H31: decoy row
... A61: C3-5 | B61: COM | C61: C-3 | D61: Sensor Calibration Offsets | E61: Deep Sensors | F61: 828 | G61: =COUNTIF(Faults!$K$2:$K$37,A61)+COUNTIF(Faults!$M$2:$M$37,A61) -> 0 | H61: decoy row
A62: PC-1 | B62: POW | C62: App-C | D62: Appendix C (unindexed) | E62: Emergency Load-Shed Sequence | F62: 106 | G62: =COUNTIF(Faults!$K$2:$K$37,A62)+COUNTIF(Faults!$M$2:$M$37,A62) -> 1 | H62: F-402 | I62: BURIED: no index entry in binder
A63: WC-1 | B63: WTR | C63: App-C | D63: Appendix C (unindexed) | E63: Emergency Sluice Override | F63: 524 | G63: =COUNTIF(Faults!$K$2:$K$37,A63)+COUNTIF(Faults!$M$2:$M$37,A63) -> 1 | H63: F-302 | I63: BURIED: no index entry in binder
A64: MC-1 | B64: MED | C64: App-C | D64: Appendix C (unindexed) | E64: Mass-Casualty Evac Protocol Code | F64: 157 | G64: =COUNTIF(Faults!$K$2:$K$37,A64)+COUNTIF(Faults!$M$2:$M$37,A64) -> 1 | H64: F-404 | I64: BURIED: no index entry in binder
A65: TC-1 | B65: TRN | C65: App-C | D65: Appendix C (unindexed) | E65: Deep-Tunnel Pressure Rating | F65: 490 | G65: =COUNTIF(Faults!$K$2:$K$37,A65)+COUNTIF(Faults!$M$2:$M$37,A65) -> 1 | H65: F-403 | I65: BURIED: no index entry in binder
A66: AC-1 | B66: AGR | C66: App-C | D66: Appendix C (unindexed) | E66: Seed Vault Humidity Setpoint | F66: 606 | G66: =COUNTIF(Faults!$K$2:$K$37,A66)+COUNTIF(Faults!$M$2:$M$37,A66) -> 1 | H66: F-305 | I66: BURIED: no index entry in binder
A67: CC-1 | B67: COM | C67: App-C | D67: Appendix C (unindexed) | E67: Master Uplink Reset Key | F67: 243 | G67: =COUNTIF(Faults!$K$2:$K$37,A67)+COUNTIF(Faults!$M$2:$M$37,A67) -> 1 | H67: F-401 | I67: BURIED: no index entry in binder

Sheet Faults
A1: Fault Code | B1: Round | C1: Sector | D1: Fault Name | E1: Flavour Line (card front) | F1: Sev | G1: Decay /min | H1: Crew | I1: Resources | J1: Procedure | K1: Spec ID 1 | L1: Spec Value 1 | M1: Spec ID 2 | N1: Spec Value 2 | O1: RESOLUTION CODE (server-valid) | P1: Deadline | Q1: Flags / Facilitator Notes
A2: F-001 | B2: R0 | C2: POW | D2: Panel self-test failure | E2: Routine diagnostics flag a stuck relay on the main panel. | F2: 1 | G2: 0 | H2: 1 | I2: 1×Parts | J2: P-01 | K2: P1-1 | L2: =INDEX(SpecTables!$F:$F,MATCH(K2,SpecTables!$A:$A,0)) -> 577 | M2: — | N2: — | O2: =J2&"-"&TEXT(L2,"000") -> P-01-577 | P2: — | Q2: Tutorial
A3: F-002 | B3: R0 | C3: WTR | D3: Gauge recalibration | E3: A pressure gauge drifts out of tolerance and needs a reference value. | F3: 1 | G3: 0 | H3: 1 | I3: 1×Parts | J3: P-01 | K3: W3-1 | L3: =INDEX(SpecTables!$F:$F,MATCH(K3,SpecTables!$A:$A,0)) -> 617 | M3: — | N3: — | O3: =J3&"-"&TEXT(L3,"000") -> P-01-617 | P3: — | Q3: Tutorial
A4: F-003 | B4: R0 | C4: MED | D4: Sterile-stock audit | E4: Inventory system requests a threshold confirmation for Ward A. | F4: 1 | G4: 0 | H4: 1 | I4: 1×Med | J4: P-01 | K4: M2-1 | L4: =INDEX(SpecTables!$F:$F,MATCH(K4,SpecTables!$A:$A,0)) -> 848 | M4: — | N4: — | O4: =J4&"-"&TEXT(L4,"000") -> P-01-848 | P4: — | Q4: Tutorial
A5: F-004 | B5: R0 | C5: TRN | D5: Signal lamp burnout | E5: A tunnel signal lamp fails; replacement needs the load class. | F5: 1 | G5: 0 | H5: 1 | I5: 1×Parts | J5: P-01 | K5: T1-1 | L5: =INDEX(SpecTables!$F:$F,MATCH(K5,SpecTables!$A:$A,0)) -> 153 | M5: — | N5: — | O5: =J5&"-"&TEXT(L5,"000") -> P-01-153 | P5: — | Q5: Tutorial
A6: F-005 | B6: R0 | C6: AGR | D6: Mix-tank flush | E6: Bay 1 nutrient tank requires a scheduled flush and re-dose. | F6: 1 | G6: 0 | H6: 1 | I6: 1×Water | J6: P-01 | K6: A2-1 | L6: =INDEX(SpecTables!$F:$F,MATCH(K6,SpecTables!$A:$A,0)) -> 867 | M6: — | N6: — | O6: =J6&"-"&TEXT(L6,"000") -> P-01-867 | P6: — | Q6: Tutorial
A7: F-006 | B7: R0 | C7: COM | D7: Beacon check-in | E7: The perimeter beacon requests its band assignment to re-sync. | F7: 1 | G7: 0 | H7: 1 | I7: 1×Power | J7: P-01 | K7: C1-1 | L7: =INDEX(SpecTables!$F:$F,MATCH(K7,SpecTables!$A:$A,0)) -> 894 | M7: — | N7: — | O7: =J7&"-"&TEXT(L7,"000") -> P-01-894 | P7: — | Q7: Tutorial
A8: F-101 | B8: R1 | C8: POW | D8: Breaker cascade trip | E8: Sub-grid breakers trip in sequence; reset requires the load limit. | F8: 1 | G8: 0.8 | H8: 1 | I8: 1×Parts, 1×Water | J8: P-02 | K8: P2-2 | L8: =INDEX(SpecTables!$F:$F,MATCH(K8,SpecTables!$A:$A,0)) -> 990 | M8: — | N8: — | O8: =J8&"-"&TEXT(L8,"000") -> P-02-990 | P8: —
A9: F-102 | B9: R1 | C9: POW | D9: Turbine bearing whine | E9: Turbine C runs hot; re-rate output before the bearing seizes. | F9: 1 | G9: 0.5 | H9: 2 | I9: 1×Parts | J9: P-03 | K9: P1-3 | L9: =INDEX(SpecTables!$F:$F,MATCH(K9,SpecTables!$A:$A,0)) -> 485 | M9: — | N9: — | O9: =J9&"-"&TEXT(L9,"000") -> P-03-485 | P9: —
A10: F-103 | B10: R1 | C10: WTR | D10: Pump cavitation | E10: Pump Station 2 cavitates; throttle to rated flow to clear it. | F10: 1 | G10: 0.8 | H10: 1 | I10: 1×Power | J10: P-02 | K10: W3-2 | L10: =INDEX(SpecTables!$F:$F,MATCH(K10,SpecTables!$A:$A,0)) -> 999 | M10: — | N10: — | O10: =J10&"-"&TEXT(L10,"000") -> P-02-999 | P10: —
A11: F-104 | B11: R1 | C11: WTR | D11: Filter membrane clog | E11: Backwash cycle needs the Station 4 flow rate to run safely. | F11: 1 | G11: 0.5 | H11: 2 | I11: 1×Parts, 1×Power | J11: P-03 | K11: W3-4 | L11: =INDEX(SpecTables!$F:$F,MATCH(K11,SpecTables!$A:$A,0)) -> 183 | M11: — | N11: — | O11: =J11&"-"&TEXT(L11,"000") -> P-03-183 | P11: —
A12: F-105 | B12: R1 | C12: MED | D12: HVAC contamination alert | E12: Ward air sensors trip; verify Filter Bank 2 rating and purge. | F12: 1 | G12: 1 | H12: 1 | I12: 1×Power, 1×Water | J12: P-02 | K12: M5-2 | L12: =INDEX(SpecTables!$F:$F,MATCH(K12,SpecTables!$A:$A,0)) -> 535 | M12: — | N12: — | O12: =J12&"-"&TEXT(L12,"000") -> P-02-535 | P12: —
A13: F-106 | B13: R1 | C13: TRN | D13: Track sensor drift | E13: Tunnel B occupancy sensors drift; re-zero against load class. | F13: 1 | G13: 0.5 | H13: 1 | I13: 1×Parts | J13: P-02 | K13: T1-2 | L13: =INDEX(SpecTables!$F:$F,MATCH(K13,SpecTables!$A:$A,0)) -> 214 | M13: — | N13: — | O13: =J13&"-"&TEXT(L13,"000") -> P-02-214 | P13: —
A14: F-107 | B14: R1 | C14: AGR | D14: Nutrient pump airlock | E14: Bay 2 dosing line airlocks; re-prime at the correct mix ratio. | F14: 1 | G14: 0.8 | H14: 1 | I14: 1×Water | J14: P-02 | K14: A2-2 | L14: =INDEX(SpecTables!$F:$F,MATCH(K14,SpecTables!$A:$A,0)) -> 205 | M14: — | N14: — | O14: =J14&"-"&TEXT(L14,"000") -> P-02-205 | P14: —
A15: F-108 | B15: R1 | C15: COM | D15: Antenna array desync | E15: South mast drops sync; re-lock on the Band Beta frequency. | F15: 1 | G15: 0.5 | H15: 1 | I15: 1×Power | J15: P-02 | K15: C1-2 | L15: =INDEX(SpecTables!$F:$F,MATCH(K15,SpecTables!$A:$A,0)) -> 996 | M15: — | N15: — | O15: =J15&"-"&TEXT(L15,"000") -> P-02-996 | P15: —
A16: F-201 | B16: R2 | C16: POW | D16: Coolant loop failure | E16: Turbine coolant pressure collapsing; needs reservoir rating from WTR. | F16: 2 | G16: 1.5 | H16: 2 | I16: 2×Parts, 1×Water | J16: P-04 | K16: W4-3 | L16: =INDEX(SpecTables!$F:$F,MATCH(K16,SpecTables!$A:$A,0)) -> 340 | M16: — | N16: — | O16: =J16&"-"&TEXT(L16,"000") -> P-04-340 | P16: — | Q16: DISCREPANCY LIVE: binder says 340, big screen says 290 — server accepts P-04-340 OR P-04-290
A17: F-202 | B17: R2 | C17: POW | D17: Grid harmonic surge | E17: Backup pump switching floods the grid with harmonics; match WTR pump rate. | F17: 2 | G17: 1 | H17: 2 | I17: 1×Parts, 1×Water | J17: P-05 | K17: W3-5 | L17: =INDEX(SpecTables!$F:$F,MATCH(K17,SpecTables!$A:$A,0)) -> 445 | M17: — | N17: — | O17: =J17&"-"&TEXT(L17,"000") -> P-05-445 | P17: —
A18: F-203 | B18: R2 | C18: WTR | D18: Reclaim plant fault | E18: Grey-water reclaim breaches bio-limits; needs MED isolation threshold. | F18: 2 | G18: 1.5 | H18: 2 | I18: 1×Power, 1×Med | J18: P-04 | K18: M2-3 | L18: =INDEX(SpecTables!$F:$F,MATCH(K18,SpecTables!$A:$A,0)) -> 274 | M18: — | N18: — | O18: =J18&"-"&TEXT(L18,"000") -> P-04-274 | P18: —
A19: F-204 | B19: R2 | C19: WTR | D19: Sluice actuator jam | E19: Sluice motor overloads its filter housing; needs MED HEPA rating. | F19: 2 | G19: 1 | H19: 2 | I19: 2×Parts | J19: P-05 | K19: M5-4 | L19: =INDEX(SpecTables!$F:$F,MATCH(K19,SpecTables!$A:$A,0)) -> 273 | M19: — | N19: — | O19: =J19&"-"&TEXT(L19,"000") -> P-05-273 | P19: —
A20: F-205 | B20: R2 | C20: MED | D20: Cold-chain failure | E20: Vaccine cold-store fails; emergency freight needs TRN tunnel load class. | F20: 2 | G20: 2 | H20: 2 | I20: 1×Power, 1×Med | J20: P-04 | K20: T1-4 | L20: =INDEX(SpecTables!$F:$F,MATCH(K20,SpecTables!$A:$A,0)) -> 621 | M20: — | N20: — | O20: =J20&"-"&TEXT(L20,"000") -> P-04-621 | P20: —
A21: F-206 | B21: R2 | C21: MED | D21: Oxygen scrubber overload | E21: Scrubbers brown out on rail feed; needs TRN Line 2 voltage. | F21: 2 | G21: 1.5 | H21: 2 | I21: 1×Power, 1×Parts | J21: P-05 | K21: T6-2 | L21: =INDEX(SpecTables!$F:$F,MATCH(K21,SpecTables!$A:$A,0)) -> 895 | M21: — | N21: — | O21: =J21&"-"&TEXT(L21,"000") -> P-05-895 | P21: —
A22: F-207 | B22: R2 | C22: TRN | D22: Tunnel B partial collapse | E22: Roof fall in Tunnel B; shoring crew needs AGR Bay 4 substrate ratio. | F22: 2 | G22: 2 | H22: 3 | I22: 2×Parts, 1×Water | J22: P-04 | K22: A2-4 | L22: =INDEX(SpecTables!$F:$F,MATCH(K22,SpecTables!$A:$A,0)) -> 311 | M22: — | N22: — | O22: =J22&"-"&TEXT(L22,"000") -> P-04-311 | P22: — | Q22: INJURY: 2 workforce tokens to MED when fired
A23: F-208 | B23: R2 | C23: TRN | D23: Rail power flicker | E23: Yard rail flickers on lamp-bank switching; match AGR West cycle code. | F23: 2 | G23: 1 | H23: 2 | I23: 1×Power, 1×Parts | J23: P-05 | K23: A4-3 | L23: =INDEX(SpecTables!$F:$F,MATCH(K23,SpecTables!$A:$A,0)) -> 915 | M23: — | N23: — | O23: =J23&"-"&TEXT(L23,"000") -> P-05-915 | P23: —
A24: F-209 | B24: R2 | C24: AGR | D24: Grow-lamp bank failure | E24: North array dead; re-strike needs COM Grid South calibration offset. | F24: 2 | G24: 1.5 | H24: 2 | I24: 1×Power, 1×Parts | J24: P-04 | K24: C3-2 | L24: =INDEX(SpecTables!$F:$F,MATCH(K24,SpecTables!$A:$A,0)) -> 931 | M24: — | N24: — | O24: =J24&"-"&TEXT(L24,"000") -> P-04-931 | P24: —
A25: F-210 | B25: R2 | C25: AGR | D25: Sensor ghost: irrigation breach | E25: Dashboards show a Bay 3 flood. Fields report dry floors. | F25: 2 | G25: 0 | H25: 0 | I25: — | J25: — | K25: — | L25: — | M25: — | N25: — | O25: NO CODE (false alarm) | P25: — | Q25: FALSE ALARM — binder index: 'verify telemetry with COM before committing resources'. No code exists; COM liaison confirms ghost to facilitator, who clears it
A26: F-211 | B26: R2 | C26: COM | D26: Uplink power sag | E26: Uplink browns out at dusk load; needs POW Sub-grid 3 limit. | F26: 2 | G26: 1.5 | H26: 2 | I26: 1×Power, 1×Parts | J26: P-04 | K26: P2-4 | L26: =INDEX(SpecTables!$F:$F,MATCH(K26,SpecTables!$A:$A,0)) -> 107 | M26: — | N26: — | O26: =J26&"-"&TEXT(L26,"000") -> P-04-107 | P26: —
A27: F-212 | B27: R2 | C27: COM | D27: Relay node blackout | E27: Deep relay dies; re-power against POW Turbine D rating. | F27: 2 | G27: 1 | H27: 2 | I27: 1×Power | J27: P-05 | K27: P1-4 | L27: =INDEX(SpecTables!$F:$F,MATCH(K27,SpecTables!$A:$A,0)) -> 376 | M27: — | N27: — | O27: =J27&"-"&TEXT(L27,"000") -> P-05-376 | P27: —
A28: F-301 | B28: R3 | C28: POW | D28: Core coupling misalignment | E28: Core mount shears; re-seat needs WTR emergency tank rating AND MED filter rating. | F28: 3 | G28: 2.5 | H28: 3 | I28: 3×Parts, 2×Water | J28: P-06 | K28: W4-5 | L28: =INDEX(SpecTables!$F:$F,MATCH(K28,SpecTables!$A:$A,0)) -> 142 | M28: M5-3 | N28: =INDEX(SpecTables!$F:$F,MATCH(M28,SpecTables!$A:$A,0)) -> 261 | O28: =J28&"-"&TEXT(L28,"000")&"-"&TEXT(N28,"000") -> P-06-142-261 | P28: —
A29: F-302 | B29: R3 | C29: WTR | D29: Reservoir breach imminent | E29: Lower reservoir wall cracking; needs MED surgical-suite threshold AND the sluice override buried in your own Appendix C. | F29: 3 | G29: 3 | H29: 3 | I29: 2×Parts, 1×Power | J29: P-06 | K29: M2-5 | L29: =INDEX(SpecTables!$F:$F,MATCH(K29,SpecTables!$A:$A,0)) -> 565 | M29: WC-1 | N29: =INDEX(SpecTables!$F:$F,MATCH(M29,SpecTables!$A:$A,0)) -> 524 | O29: =J29&"-"&TEXT(L29,"000")&"-"&TEXT(N29,"000") -> P-06-565-524 | P29: 08:00 | Q29: Uses WTR buried appendix
A30: F-303 | B30: R3 | C30: MED | D30: Life-support brownout | E30: ICU load exceeds supply; needs TRN freight class AND POW emergency bus limit. | F30: 3 | G30: 2.5 | H30: 3 | I30: 2×Power, 1×Med | J30: P-06 | K30: T1-5 | L30: =INDEX(SpecTables!$F:$F,MATCH(K30,SpecTables!$A:$A,0)) -> 707 | M30: P2-5 | N30: =INDEX(SpecTables!$F:$F,MATCH(M30,SpecTables!$A:$A,0)) -> 449 | O30: =J30&"-"&TEXT(L30,"000")&"-"&TEXT(N30,"000") -> P-06-707-449 | P30: — | Q30: Diagonal pair MED<->POW
A31: F-304 | B31: R3 | C31: TRN | D31: Blast door failure — Sector 4 | E31: Door 4 stuck open to a flooded gallery; needs AGR seedling ratio AND COM Band Delta. | F31: 3 | G31: 2.5 | H31: 2 | I31: 2×Parts, 1×Power | J31: P-06 | K31: A2-5 | L31: =INDEX(SpecTables!$F:$F,MATCH(K31,SpecTables!$A:$A,0)) -> 793 | M31: C1-4 | N31: =INDEX(SpecTables!$F:$F,MATCH(M31,SpecTables!$A:$A,0)) -> 509 | O31: =J31&"-"&TEXT(L31,"000")&"-"&TEXT(N31,"000") -> P-06-793-509 | P31: 06:00 | Q31: Diagonal pair TRN<->COM
A32: F-305 | B32: R3 | C32: AGR | D32: Hydroponic root-rot bloom | E32: Rot spreading bay to bay; needs COM deep-sensor offset AND the vault setpoint buried in your own Appendix C. | F32: 3 | G32: 2 | H32: 2 | I32: 2×Water, 1×Med | J32: P-06 | K32: C3-4 | L32: =INDEX(SpecTables!$F:$F,MATCH(K32,SpecTables!$A:$A,0)) -> 306 | M32: AC-1 | N32: =INDEX(SpecTables!$F:$F,MATCH(M32,SpecTables!$A:$A,0)) -> 606 | O32: =J32&"-"&TEXT(L32,"000")&"-"&TEXT(N32,"000") -> P-06-306-606 | P32: — | Q32: Uses AGR buried appendix
A33: F-306 | B33: R3 | C33: COM | D33: Master sensor grid collapse | E33: City goes blind; restart needs POW Turbine E rating AND TRN yard-loop voltage. | F33: 3 | G33: 2.5 | H33: 3 | I33: 2×Power, 1×Parts | J33: P-06 | K33: P1-5 | L33: =INDEX(SpecTables!$F:$F,MATCH(K33,SpecTables!$A:$A,0)) -> 242 | M33: T6-4 | N33: =INDEX(SpecTables!$F:$F,MATCH(M33,SpecTables!$A:$A,0)) -> 495 | O33: =J33&"-"&TEXT(L33,"000")&"-"&TEXT(N33,"000") -> P-06-242-495 | P33: — | Q33: Diagonal pair COM<->TRN
A34: F-401 | B34: R4 | C34: POW | D34: Core restart sequence fault | E34: Post-triage restart hangs at handshake; needs COM's buried uplink reset key AND AGR West array code. | F34: 2 | G34: 2 | H34: 2 | I34: 2×Power, 1×Parts | J34: P-07 | K34: CC-1 | L34: =INDEX(SpecTables!$F:$F,MATCH(K34,SpecTables!$A:$A,0)) -> 243 | M34: A4-4 | N34: =INDEX(SpecTables!$F:$F,MATCH(M34,SpecTables!$A:$A,0)) -> 534 | O34: =J34&"-"&TEXT(L34,"000")&"-"&TEXT(N34,"000") -> P-07-243-534 | P34: — | Q34: Uses COM buried appendix — reverse of R2 ring
A35: F-402 | B35: R4 | C35: MED | D35: Cryo-store failover | E35: Cryo bank failing over; needs POW's buried load-shed sequence AND WTR Station 3 flow. | F35: 2 | G35: 2.5 | H35: 2 | I35: 1×Power, 2×Med | J35: P-07 | K35: PC-1 | L35: =INDEX(SpecTables!$F:$F,MATCH(K35,SpecTables!$A:$A,0)) -> 106 | M35: W3-3 | N35: =INDEX(SpecTables!$F:$F,MATCH(M35,SpecTables!$A:$A,0)) -> 722 | O35: =J35&"-"&TEXT(L35,"000")&"-"&TEXT(N35,"000") -> P-07-106-722 | P35: — | Q35: Uses POW buried appendix
A36: F-403 | B36: R4 | C36: WTR | D36: Aquifer pressure spike | E36: Deep aquifer surges; needs TRN's buried deep-tunnel rating AND POW Sub-grid 2 limit. | F36: 2 | G36: 2 | H36: 2 | I36: 2×Parts | J36: P-07 | K36: TC-1 | L36: =INDEX(SpecTables!$F:$F,MATCH(K36,SpecTables!$A:$A,0)) -> 490 | M36: P2-3 | N36: =INDEX(SpecTables!$F:$F,MATCH(M36,SpecTables!$A:$A,0)) -> 795 | O36: =J36&"-"&TEXT(L36,"000")&"-"&TEXT(N36,"000") -> P-07-490-795 | P36: — | Q36: Uses TRN buried appendix
A37: F-404 | B37: R4 | C37: TRN | D37: Evacuation route rerouting | E37: Aftershock closes two galleries; needs MED's buried evac protocol AND COM emergency band. | F37: 2 | G37: 1.5 | H37: 2 | I37: 1×Power, 1×Parts | J37: P-07 | K37: MC-1 | L37: =INDEX(SpecTables!$F:$F,MATCH(K37,SpecTables!$A:$A,0)) -> 157 | M37: C1-5 | N37: =INDEX(SpecTables!$F:$F,MATCH(M37,SpecTables!$A:$A,0)) -> 390 | O37: =J37&"-"&TEXT(L37,"000")&"-"&TEXT(N37,"000") -> P-07-157-390 | P37: 10:00 | Q37: Uses MED buried appendix — feeds the R4 mini-triage

Sheet CrossrefMap
A1: WHO NEEDS WHOSE BINDER
A2: Rows = sector that owns the fault · Columns = binder holding the required spec · Cells list fault codes (spec 1 and spec 2 both counted)
A4: Fault owner ↓ / Spec source → | B4: POW binder | C4: WTR binder | D4: MED binder | E4: TRN binder | F4: AGR binder | G4: COM binder
A5: POW — Power Grid | B5: F-001 F-101 F-102 | C5: F-201 F-202 F-301 | D5: F-301 | E5: · | F5: F-401 | G5: F-401
A6: WTR — Water & Filtration | B6: F-403 | C6: F-002 F-103 F-104 F-302 | D6: F-203 F-204 F-302 | E6: F-403 | F6: · | G6: ·
A7: MED — Medical Bay | B7: F-303 F-402 | C7: F-402 | D7: F-003 F-105 | E7: F-205 F-206 F-303 | F7: · | G7: ·
A8: TRN — Transport & Tunnels | B8: · | C8: · | D8: F-404 | E8: F-004 F-106 | F8: F-207 F-208 F-304 | G8: F-304 F-404
A9: AGR — Agriculture | B9: · | C9: · | D9: · | E9: · | F9: F-005 F-107 F-305 | G9: F-209 F-305
A10: COM — Comms & Sensors | B10: F-211 F-212 F-306 | C10: · | D10: · | E10: F-306 | F10: · | G10: F-006 F-108
A13: Legend: green = own-binder lookups (R0/R1 + own buried appendix) · amber = cross-binder demand · R2 follows the ring, R3 adds diagonals, R4 reverses.
A15: 'ESCALATE TO' FOREIGN INDEX ENTRIES (print in each binder's fault index, pages 3–4)
A16: POW binder index also lists: | B16: F-209 → escalate to AGR · F-205 → escalate to MED · F-204 → escalate to WTR · F-212 → escalate to COM
A17: WTR binder index also lists: | B17: F-209 → escalate to AGR · F-212 → escalate to COM · F-304 → escalate to TRN · F-201 → escalate to POW
A18: MED binder index also lists: | B18: F-207 → escalate to TRN · F-211 → escalate to COM · F-204 → escalate to WTR · F-209 → escalate to AGR
A19: TRN binder index also lists: | B19: F-206 → escalate to MED · F-209 → escalate to AGR · F-201 → escalate to POW · F-211 → escalate to COM
A20: AGR binder index also lists: | B20: F-211 → escalate to COM · F-206 → escalate to MED · F-203 → escalate to WTR · F-304 → escalate to TRN
A21: COM binder index also lists: | B21: F-302 → escalate to WTR · F-208 → escalate to TRN · F-301 → escalate to POW · F-209 → escalate to AGR

Sheet BinderContent
A1: Binder | B1: Component | C1: Print Instruction
A2: POW | B2: Fault Code Index (p.3–4) | C2: Own faults: F-001, F-101, F-102, F-201, F-202, F-301, F-401. PLUS foreign escalate entries: F-209 → 'escalate to AGR'; F-205 → 'escalate to MED'; F-204 → 'escalate to WTR'; F-212 → 'escalate to COM'
A3: POW | B3: Repair Procedures (p.5–8) | C3: P-01 for F-001 'Panel self-test failure': requires 1×Parts, crew 1, spec from POW P-1 'Turbine A'; P-02 for F-101 'Breaker cascade trip': requires 1×Parts, 1×Water, crew 1, spec from POW P-2 'Sub-grid 1'; P-03 for F-102 'Turbine bearing whine': requires 1×Parts, crew 2, spec from POW P-1 'Turbine C'; P-04 for F-201 'Coolant loop failure': requires 2×Parts, 1×Water, crew 2, spec from WTR W-4 'Lower Reservoir'; P-05 for F-202 'Grid harmonic surge': requires 1×Parts, 1×Water, crew 2, spec from WTR W-3 'Backup Pump'; P-06 for F-301 'Core coupling misalignment': requires 3×Parts, 2×Water, crew 3, spec from WTR W-4 'Emergency Tank' AND MED M-5 'Filter Bank 3'; P-07 for F-401 'Core restart sequence fault': requires 2×Power, 1×Parts, crew 2, spec from COM App-C 'Master Uplink Reset Key' AND AGR A-4 'Array West'
A4: POW | B4: Spec Tables (p.9) | C4: P-1 Turbine Output Ratings — print ALL 5 rows incl. decoys; P-2 Breaker Load Limits — print ALL 5 rows incl. decoys
A5: POW | B5: Appendix C (p.10, buried) | C5: Single spec: 'Emergency Load-Shed Sequence' = value from SpecTables PC-1. NO index entry. Raided by another sector in R4.
A6: POW | B6: Log Sheet (p.11) | C6: Blank ops log — loose-leaf, the only consumable page.
A7: WTR | B7: Fault Code Index (p.3–4) | C7: Own faults: F-002, F-103, F-104, F-203, F-204, F-302, F-403. PLUS foreign escalate entries: F-209 → 'escalate to AGR'; F-212 → 'escalate to COM'; F-304 → 'escalate to TRN'; F-201 → 'escalate to POW'
A8: WTR | B8: Repair Procedures (p.5–8) | C8: P-01 for F-002 'Gauge recalibration': requires 1×Parts, crew 1, spec from WTR W-3 'Pump Station 1'; P-02 for F-103 'Pump cavitation': requires 1×Power, crew 1, spec from WTR W-3 'Pump Station 2'; P-03 for F-104 'Filter membrane clog': requires 1×Parts, 1×Power, crew 2, spec from WTR W-3 'Pump Station 4'; P-04 for F-203 'Reclaim plant fault': requires 1×Power, 1×Med, crew 2, spec from MED M-2 'Isolation Wing'; P-05 for F-204 'Sluice actuator jam': requires 2×Parts, crew 2, spec from MED M-5 'HEPA Array'; P-06 for F-302 'Reservoir breach imminent': requires 2×Parts, 1×Power, crew 3, spec from MED M-2 'Surgical Suite' AND WTR App-C 'Emergency Sluice Override'; P-07 for F-403 'Aquifer pressure spike': requires 2×Parts, crew 2, spec from TRN App-C 'Deep-Tunnel Pressure Rating' AND POW P-2 'Sub-grid 2'
A9: WTR | B9: Spec Tables (p.9) | C9: W-3 Pump Flow Rates — print ALL 5 rows incl. decoys; W-4 Reservoir Pressure Ratings — print ALL 5 rows incl. decoys. W-4 row 3 MUST print 340 (discrepancy seed — do not 'fix').
A10: WTR | B10: Appendix C (p.10, buried) | C10: Single spec: 'Emergency Sluice Override' = value from SpecTables WC-1. NO index entry. Needed by own R3 fault.
A11: WTR | B11: Log Sheet (p.11) | C11: Blank ops log — loose-leaf, the only consumable page.
A12: MED | B12: Fault Code Index (p.3–4) | C12: Own faults: F-003, F-105, F-205, F-206, F-303, F-402. PLUS foreign escalate entries: F-207 → 'escalate to TRN'; F-211 → 'escalate to COM'; F-204 → 'escalate to WTR'; F-209 → 'escalate to AGR'
... A31: COM | B31: Log Sheet (p.11) | C31: Blank ops log — loose-leaf, the only consumable page.

Sheet Validation
A1: Check | B1: Expected | C1: Actual | D1: Status
A2: Tutorial faults (R0) | B2: 6 | C2: =COUNTIF(Faults!$B$2:$B$37,"R0") -> 6 | D2: =IF(C2=6,"OK","CHECK") -> OK
A3: R1 deck cards (self-contained, baseline round) | B3: 8 | C3: =COUNTIF(Faults!$B$2:$B$37,"R1") -> 8 | D3: =IF(C3=8,"OK","CHECK") -> OK
A4: R2 deck cards (ring cross-refs incl. false alarm) | B4: 12 | C4: =COUNTIF(Faults!$B$2:$B$37,"R2") -> 12 | D4: =IF(C4=12,"OK","CHECK") -> OK
A5: R3 deck cards (critical, two-spec) | B5: 6 | C5: =COUNTIF(Faults!$B$2:$B$37,"R3") -> 6 | D5: =IF(C5=6,"OK","CHECK") -> OK
A6: R4 deck cards (novel combinations) | B6: 4 | C6: =COUNTIF(Faults!$B$2:$B$37,"R4") -> 4 | D6: =IF(C6=4,"OK","CHECK") -> OK
A7: Spec values all unique (SUMPRODUCT self-count = row count) | B7: 66 | C7: =SUMPRODUCT(COUNTIF(SpecTables!$F$2:$F$67,SpecTables!$F$2:$F$67)) -> 66 | D7: =IF(C7=66,"OK","CHECK") -> OK
A8: Buried appendix specs referenced by faults (all six) | B8: 6 | C8: =SUMPRODUCT((COUNTIF(Faults!$K$2:$K$37,{"PC-1";"WC-1";"MC-1";"TC-1";"AC-1";"CC-1"})+COUNTIF(Faults!$M$2:$M$37,{"PC-1";"WC-1";"MC-1";"TC-1";"AC-1";"CC-1"})>0)*1) -> 6 | D8: =IF(C8=6,"OK","CHECK") -> OK
A9: Discrepancy cell W4-3 prints 340 | B9: 340 | C9: =INDEX(SpecTables!$F:$F,MATCH("W4-3",SpecTables!$A:$A,0)) -> 340 | D9: =IF(C9=340,"OK","CHECK") -> OK
A10: Reserved value 290 appears in no table | B10: 0 | C10: =COUNTIF(SpecTables!$F$2:$F$67,290) -> 0 | D10: =IF(C10=0,"OK","CHECK") -> OK
A11: POW binder demanded by other sectors' faults ≥ 2 (kit relevance) | B11: ≥2 | C11: =SUMIFS(SpecTables!$G$2:$G$67,SpecTables!$B$2:$B$67,"POW") -> 9 | D11: =IF(C11>=2,"OK","CHECK") -> OK
A12: WTR binder demanded by other sectors' faults ≥ 2 (kit relevance) | B12: ≥2 | C12: =SUMIFS(SpecTables!$G$2:$G$67,SpecTables!$B$2:$B$67,"WTR") -> 8 | D12: =IF(C12>=2,"OK","CHECK") -> OK
A13: MED binder demanded by other sectors' faults ≥ 2 (kit relevance) | B13: ≥2 | C13: =SUMIFS(SpecTables!$G$2:$G$67,SpecTables!$B$2:$B$67,"MED") -> 7 | D13: =IF(C13>=2,"OK","CHECK") -> OK
A14: TRN binder demanded by other sectors' faults ≥ 2 (kit relevance) | B14: ≥2 | C14: =SUMIFS(SpecTables!$G$2:$G$67,SpecTables!$B$2:$B$67,"TRN") -> 7 | D14: =IF(C14>=2,"OK","CHECK") -> OK
A15: AGR binder demanded by other sectors' faults ≥ 2 (kit relevance) | B15: ≥2 | C15: =SUMIFS(SpecTables!$G$2:$G$67,SpecTables!$B$2:$B$67,"AGR") -> 7 | D15: =IF(C15>=2,"OK","CHECK") -> OK
A16: COM binder demanded by other sectors' faults ≥ 2 (kit relevance) | B16: ≥2 | C16: =SUMIFS(SpecTables!$G$2:$G$67,SpecTables!$B$2:$B$67,"COM") -> 7 | D16: =IF(C16>=2,"OK","CHECK") -> OK
A18: All rows must read OK before printing binders or exporting faults.json.
